risk_tag,description,典型行为,排除边界,监管依据,category
欺骗投保人,以虚假或引人误解的方式欺骗投保人、被保险人或受益人,故意告知投保人与保险合同不符的虚假情况；隐瞒与保险合同有关的重要事实（如免责条款、等待期、退保损失等）；伪造或变造保险文件资料；唆使投保人不如实告知健康情况,不包括销售过程中因表述不准确导致的误导（归入销售误导）；强调行为人的主观故意性,《保险法》第116条、第131条,销售误导
销售误导,在保险销售过程中对产品进行误导性陈述,"以银行理财、存款等名义销售保险产品；对保险条款作片面、选择性的有利解释；使用""储蓄计划""、""存钱""等易混淆概念描述保险产品",不包括明知虚假仍故意告知的欺诈行为（归入欺骗投保人）；不包括夸大收益、承诺收益等有独立标签的特定表现,《保险法》第116条,销售误导
夸大收益,夸大保险产品的预期收益或投资回报,使用夸张性、推测性语言夸大产品的潜在收益或误导客户对收益的预期（如“稳赚”、“收益翻倍”、“年化收益可达5%”、“比存银行划算多了”等）,不包括使用“保证”、“承诺”、“一定”等确定性动词的表述（归入承诺收益）；监管备案的标准历史收益率演示不属夸大,《保险法》第116条；《人身保险产品管理办法》,销售误导
虚假宣传,对保险产品进行虚假或夸大宣传,通过宣传单页、海报、公众号、短视频等渠道对产品作不实描述；使用未经监管部门备案的宣传材料,区别于销售误导发生在销售对话环节，虚假宣传主要通过书面或媒介渠道传播,《广告法》第28条；《保险法》第116条,营销违规
合同外利益,给予投保人保险合同约定以外的利益,上位概念。涵盖各类合同约定以外的利益诱导行为，包括赠送实物、返现回扣、保费折扣、提供旅游等,不包括保险条款已有约定的保单贷款、生存金、满期金等合同内权益,《保险法》第116条第4项,营销违规
赠送利益,以赠送礼品、服务等方式诱导投保,合同外利益的具体表现形式之一。通过赠送体检卡、加油卡、洗车券、代金券等实物或服务诱导投保,区别于合同外利益的其他形式（返现归入回扣返佣、保费折扣另有分类）；赠送金额超过监管上限也属违规,《保险法》第116条,营销违规
回扣返佣,向投保人返还保费或提供回扣,向投保人返还保费、佣金回扣、预缴费打折、保费折扣等现金形式利益,区别于赠送实物，回扣多以现金或保费折扣形式出现,《保险法》第131条,营销违规
产品说明会违规,产品说明会内容存在误导或数据不实,举办产品说明会未按规定向监管部门报告；使用未经备案的演示材料或课件；说明会内容超出备案范围；未按规定留存说明会录音录像资料,不包括说明会上讲述的具体违规内容（如夸大收益、承诺收益等单独归入对应风险标签）,《人身保险产品信息披露管理办法》,营销活动
培训材料违规,销售培训材料存在误导或违规内容,制作或使用含有误导性内容的培训PPT、话术脚本；培训材料中包含绝对化表述或不实比较,不包括产品说明会使用的材料（归入产品说明会违规）,《人身保险产品信息披露管理办法》；《保险法》第116条,营销活动
回访违规,客户回访过程中存在误导或信息不实,在回访过程中未按监管要求逐一确认犹豫期、退保损失等关键事项；诱导客户对回访问题作肯定回答；阻碍或变相阻碍客户接受回访,不包括销售环节未告知相关信息的违规行为（归入隐瞒重要信息）；回访数据造假归入客户信息不真实,《人身保险产品信息披露管理办法》；《保险销售行为管理办法》,售后违规
电销违规,电话销售过程中存在违规行为,电销中未经客户同意即发起呼叫；电销话术存在误导性陈述；电销过程未按规定录音,不包含短信、网络等其他渠道的违规销售行为,《保险法》第116条；《保险销售行为管理办法》,销售渠道
不当比较,不当将本公司产品与其他公司产品进行比较,"将本公司产品与银行理财、存款等作不当对比；使用""比存款划算""、""比理财更安全""等话术",不包括有明确数据支撑、不误导消费者的客观比较,《保险法》第116条；《保险公司管理规定》,营销违规
贬低竞品,贬低或诋毁其他保险公司产品,使用贬低性语言描述其他保险公司产品；散布同业负面信息；通过对比贬低竞争对手,不包括客观陈述自身产品优势（不涉及贬低他人）,《保险法》第116条；《保险销售行为管理办法》,营销违规
绝对化表述,使用最高级、绝对化或无法证实的表述,"使用""最好""、""最优""、""第一""、""唯一""、""行业领先""等绝对化用语",不包括有明确权威数据支撑的客观陈述；不包括品牌自有宣传口号的合理使用,《广告法》第9条,营销违规
承诺收益,对保险产品的收益做出承诺性表述,"对产品收益作出方向性的保本或增值承诺（如""买了肯定不亏""、""保本""、""一定赚钱""、""稳赚不赔""等），但不涉及具体收益率数字",不包括仅使用推测性语气的表述（归入夸大收益）；涉及具体收益率数字或比例的保证（归入保证收益）；产品条款明确载明的保底利率不属于违规承诺,《保险法》第116条；《人身保险销售误导行为认定指引》,销售误导
保证收益,保证保险产品的收益率或回报,"对产品收益作出带有具体收益率数字或比例的保证（如""保证年化收益5%""、""保证收益率达到4%以上""）；以合同外书面或口头形式明确承诺具体回报率",区别于承诺收益的笼统表述，保证收益以明确的收益率数字或比例出现,《保险法》第116条；《人身保险产品管理办法》,销售误导
弱化风险提示,弱化或回避保险产品的风险提示,使用“不用担心”、“无风险”、“零风险”、“忽略免责条款”等表述弱化产品风险；未主动提示投资风险,不包括完全隐瞒风险信息（归入隐瞒重要信息）,《保险法》第17条；《保险销售行为管理办法》,销售误导
隐瞒重要信息,隐瞒或未充分告知重要合同信息,在销售环节未向投保人说明犹豫期、退保损失、免责条款、费用扣除等关键合同信息；故意回避客户对关键条款的提问,不包括回访环节中的告知疏漏（归入回访违规）；信息已通过产品说明书等书面材料充分披露的不属于隐瞒,《保险法》第17条,销售误导
虚构收益率,虚构或编造不存在的收益率数据,编造虚假的历史收益率数据；伪造产品的投资回报记录；虚构分红实现率,区别于夸大收益（在真实数据基础上夸大），虚构收益率完全是凭空捏造,《保险法》第116条,销售误导
诱导投保,使用不当手段诱导消费者投保,"以""限时抢购""、""名额有限""、""即将停售""等虚假紧迫感诱导投保；利用老年人信息不对称诱导投保",不包括产品真实停售或调整的正常通知,《保险法》第116条；《保险法》第131条,营销违规
避债避税,宣传保险具有规避债务或税收的功能,"宣传""保险可以避债""、""购买保险可以规避债务""、""保险收益免税""等功能",不包括保险产品依法享有的税收优惠（如个税递延型养老保险）,《保险法》第116条,营销违规
虚列费用套取资金,通过虚假列支费用套取资金,通过虚构保险中介业务套取费用；虚列营业费用用于其他用途；以虚假事项报销套取资金,不包括正常的费用报销和合规的中介业务手续费,《保险法》第86条、第170条,财务违规
代理人管理不到位,对保险代理人管理不善导致违规,未按规定为代理人办理执业登记；对代理人的销售行为监督不力；未及时处理代理人的违规行为,不包括委托无资质机构（归入委托无资质机构销售）,《保险代理人监管规定》；《保险法》第112条,管理问题
委托无资质机构销售,委托不具有合法资质的机构从事保险销售,委托未取得保险代理资质的机构销售保险产品；与无资质的第三方平台合作销售,不包括个人代理人未登记（归入代理人管理不到位）,《保险法》第116条；《保险代理人监管规定》,销售渠道
未按规定使用费率条款,未按监管备案的费率和条款执行,实际使用的保险费率与备案费率不一致；擅自变更保险条款内容；未按规定报送产品材料,不包括产品设计本身的合规问题,《保险法》第135条,合规问题
客户信息不真实,客户信息记录虚假或不真实,投保人、被保险人信息记录虚假；回访记录造假；客户签名代签,不包括客户主动提供虚假信息（非保险机构责任）,《保险法》第86条,合规问题
其他,其他类型的违规行为,,,,
